{
    "questions": [
        {
            "body": "What is the role of exercise in heart attack prevention?",
            "documents": [
                "https://www.ncbi.nlm.nih.gov/pmc/articles/PMC6820920",
                "https://www.ncbi.nlm.nih.gov/pmc/articles/PMC5752199",
                "https://www.ncbi.nlm.nih.gov/pmc/articles/PMC6450699",
                "https://www.ncbi.nlm.nih.gov/pmc/articles/PMC5332475"
            ],
            "ideal_answer": [
                "Regular exercise strengthens the heart muscle, improves blood circulation, and helps maintain a healthy weight, reducing heart attack risk"
            ],
            "type": "summary",
            "id": "EX001",
            "snippets": [
                {
                    "offsetInBeginSection": 70,
                    "offsetInEndSection": 111,
                    "text": "Exercise can improve endothelial function, enhance blood circulation, and lower blood pressure, significantly reducing heart attack risk.",
                    "beginSection": "abstract",
                    "document": "https://www.ncbi.nlm.nih.gov/pmc/articles/PMC6820920",
                    "endSection": "abstract"
                },
                {
                    "offsetInBeginSection": 90,
                    "offsetInEndSection": 111,
                    "text": "Regular participation in community fitness programs can improve cardiovascular health and reduce the incidence of heart attacks.",
                    "beginSection": "abstract",
                    "document": "https://www.ncbi.nlm.nih.gov/pmc/articles/PMC5752199",
                    "endSection": "abstract"
                }
            ]
        },
        {
            "body": "How does diet modification prevent heart attacks?",
            "documents": [
                "https://www.ncbi.nlm.nih.gov/pmc/articles/PMC7284956",
                "https://www.ncbi.nlm.nih.gov/pmc/articles/PMC6450699",
                "https://www.ncbi.nlm.nih.gov/pmc/articles/PMC5332475"
            ],
            "ideal_answer": [
                "Diet modifications such as reducing saturated fats, increasing fiber intake, and limiting salt can lower heart attack risk"
            ],
            "type": "summary",
            "id": "DIET001",
            "snippets": [
                {
                    "offsetInBeginSection": 45,
                    "offsetInEndSection": 139,
                    "text": "The Mediterranean diet emphasizes fruits, vegetables, whole grains, and healthy fats, which can reduce heart disease risk.",
                    "beginSection": "abstract",
                    "document": "https://www.ncbi.nlm.nih.gov/pmc/articles/PMC7284956",
                    "endSection": "abstract"
                },
                {
                    "offsetInBeginSection": 65,
                    "offsetInEndSection": 242,
                    "text": "Consuming nuts and seeds provides healthy fats, fiber, and nutrients that support heart health and lower heart attack risk.",
                    "beginSection": "abstract",
                    "document": "https://www.ncbi.nlm.nih.gov/pmc/articles/PMC6450699",
                    "endSection": "abstract"
                }
            ]
        },
        {
            "body": "What is the impact of stress on heart attack risk?",
            "documents": [
                "https://www.ncbi.nlm.nih.gov/pmc/articles/PMC6277075",
                "https://www.ncbi.nlm.nih.gov/pmc/articles/PMC5864679",
                "https://www.ncbi.nlm.nih.gov/pmc/articles/PMC6450699"
            ],
            "ideal_answer": [
                "Chronic stress can increase inflammation, blood pressure, and harmful behaviors that raise heart attack risk"
            ],
            "type": "summary",
            "id": "STRESS001",
            "snippets": [
                {
                    "offsetInBeginSection": 62,
                    "offsetInEndSection": 257,
                    "text": "Stress management techniques like meditation and relaxation can help reduce cardiovascular risk factors.",
                    "beginSection": "abstract",
                    "document": "https://www.ncbi.nlm.nih.gov/pmc/articles/PMC6277075",
                    "endSection": "abstract"
                }
            ]
        },
        {
            "body": "How do inflammatory markers relate to heart attacks?",
            "documents": [
                "https://www.ncbi.nlm.nih.gov/pmc/articles/PMC5864679",
                "https://www.ncbi.nlm.nih.gov/pmc/articles/PMC6450699",
                "https://www.ncbi.nlm.nih.gov/pmc/articles/PMC7284956"
            ],
            "ideal_answer": [
                "Inflammation promotes plaque instability and rupture in arteries, leading to clot formation and heart attacks"
            ],
            "type": "summary",
            "id": "INFLAM001",
            "snippets": [
                {
                    "offsetInBeginSection": 4,
                    "offsetInEndSection": 230,
                    "text": "Inflammation markers can predict cardiovascular events and help identify high-risk individuals.",
                    "beginSection": "abstract",
                    "document": "https://www.ncbi.nlm.nih.gov/pmc/articles/PMC5864679",
                    "endSection": "abstract"
                }
            ]
        },
        {
            "body": "What role do statins play in heart attack prevention?",
            "documents": [
                "https://www.ncbi.nlm.nih.gov/pmc/articles/PMC6277075",
                "https://www.ncbi.nlm.nih.gov/pmc/articles/PMC5752199",
                "https://www.ncbi.nlm.nih.gov/pmc/articles/PMC7284956"
            ],
            "ideal_answer": [
                "Statins lower cholesterol levels, reduce plaque buildup, and stabilize existing plaques, thereby preventing heart attacks"
            ],
            "type": "summary",
            "id": "STAT001",
            "snippets": [
                {
                    "offsetInBeginSection": 97,
                    "offsetInEndSection": 269,
                    "text": "Statin therapy significantly reduces cardiovascular events in both primary and secondary prevention.",
                    "beginSection": "abstract",
                    "document": "https://www.ncbi.nlm.nih.gov/pmc/articles/PMC6277075",
                    "endSection": "abstract"
                }
            ]
        },
        {
            "body": "How does gender affect heart attack presentation?",
            "documents": [
                "https://www.ncbi.nlm.nih.gov/pmc/articles/PMC5332475",
                "https://www.ncbi.nlm.nih.gov/pmc/articles/PMC6450699",
                "https://www.ncbi.nlm.nih.gov/pmc/articles/PMC7284956"
            ],
            "ideal_answer": [
                "Women may experience subtler symptoms like nausea and back pain, while men often have more pronounced chest pain"
            ],
            "type": "summary",
            "id": "GEND001",
            "snippets": [
                {
                    "offsetInBeginSection": 2,
                    "offsetInEndSection": 245,
                    "text": "Women often present with atypical symptoms, leading to delayed diagnosis and treatment.",
                    "beginSection": "abstract",
                    "document": "https://www.ncbi.nlm.nih.gov/pmc/articles/PMC5332475",
                    "endSection": "abstract"
                }
            ]
        },
        {
            "body": "What preventive screenings are recommended for heart attack risk?",
            "documents": [
                "https://www.ncbi.nlm.nih.gov/pmc/articles/PMC6820920",
                "https://www.ncbi.nlm.nih.gov/pmc/articles/PMC5864679",
                "https://www.ncbi.nlm.nih.gov/pmc/articles/PMC6450699"
            ],
            "ideal_answer": [
                "Regular screening of blood pressure, cholesterol, blood sugar, and other cardiovascular risk factors enables early intervention"
            ],
            "type": "summary",
            "id": "SCREEN001",
            "snippets": [
                {
                    "offsetInBeginSection": 11,
                    "offsetInEndSection": 287,
                    "text": "Regular cardiovascular screening can identify risk factors before they lead to serious complications.",
                    "beginSection": "abstract",
                    "document": "https://www.ncbi.nlm.nih.gov/pmc/articles/PMC6820920",
                    "endSection": "abstract"
                }
            ]
        }
    ],
    "metadata": {
        "dataset_info": {
            "title": "Heart Attack Prevention and Risk Factors Dataset",
            "version": "2.0",
            "last_updated": "2024-11-05",
            "source_type": "PubMed Central Articles",
            "total_questions": 7,
            "access_type": "Open Access"
        },
        "categories": [
            "Exercise",
            "Diet",
            "Stress",
            "Inflammation",
            "Medication",
            "Gender Differences",
            "Preventive Screening"
        ],
        "article_databases": [
            "PubMed Central (PMC)"
        ],
        "usage_notes": [
            "All articles are freely accessible through PMC",
            "Full text available for all references",
            "Evidence based on peer-reviewed research",
            "Regular updates as new research is published"
        ],
        "citation_format": {
            "style": "PMC ID format",
            "example": "PMC6820920",
            "access_prefix": "https://www.ncbi.nlm.nih.gov/pmc/articles/"
        }
    }
}
